,US_10Y_Yield,Germany_10Y_Yield,Japan_10Y_Yield,UK_10Y_Yield,Canada_10Y_Yield,Australia_10Y_Yield
1953-04-01,2.83,,,,,
1953-05-01,3.05,,,,,
1953-06-01,3.11,,,,,
1953-07-01,2.93,,,,,
1953-08-01,2.95,,,,,
1953-09-01,2.87,,,,,
1953-10-01,2.66,,,,,
1953-11-01,2.68,,,,,
1953-12-01,2.59,,,,,
1954-01-01,2.48,,,,,
1954-02-01,2.47,,,,,
1954-03-01,2.37,,,,,
1954-04-01,2.29,,,,,
1954-05-01,2.37,,,,,
1954-06-01,2.38,,,,,
1954-07-01,2.3,,,,,
1954-08-01,2.36,,,,,
1954-09-01,2.38,,,,,
1954-10-01,2.43,,,,,
1954-11-01,2.48,,,,,
1954-12-01,2.51,,,,,
1955-01-01,2.61,,,,3.2,
1955-02-01,2.65,,,,3.13,
1955-03-01,2.68,,,,3.09,
1955-04-01,2.75,,,,3.09,
1955-05-01,2.76,,,,3.11,
1955-06-01,2.78,,,,3.1,
1955-07-01,2.9,,,,3.12,
1955-08-01,2.97,,,,3.21,
1955-09-01,2.97,,,,3.25,
1955-10-01,2.88,,,,3.26,
1955-11-01,2.89,,,,3.3,
1955-12-01,2.96,,,,3.41,
1956-01-01,2.9,,,,3.38,
1956-02-01,2.84,,,,3.3,
1956-03-01,2.96,,,,3.36,
1956-04-01,3.18,,,,3.51,
1956-05-01,3.07,6.4,,,3.57,
1956-06-01,3.0,6.8,,,3.45,
1956-07-01,3.11,6.8,,,3.48,
1956-08-01,3.33,6.8,,,3.7,
1956-09-01,3.38,7.0,,,3.81,
1956-10-01,3.34,7.0,,,3.87,
1956-11-01,3.49,7.2,,,3.9,
1956-12-01,3.59,7.3,,,3.94,
1957-01-01,3.46,7.3,,,4.1,
1957-02-01,3.34,7.4,,,4.06,
1957-03-01,3.41,7.5,,,4.0,
1957-04-01,3.48,7.4,,,4.03,
1957-05-01,3.6,7.4,,,4.19,
1957-06-01,3.8,7.4,,,4.22,
1957-07-01,3.93,7.5,,,4.25,
1957-08-01,3.93,7.6,,,4.33,
1957-09-01,3.92,7.6,,,4.32,
1957-10-01,3.97,7.7,,,4.19,
1957-11-01,3.72,7.7,,,3.98,
1957-12-01,3.21,7.7,,,3.83,
1958-01-01,3.09,7.5,,,3.93,
1958-02-01,3.05,7.5,,,3.94,
1958-03-01,2.98,7.4,,,3.96,
1958-04-01,2.88,7.4,,,3.95,
1958-05-01,2.92,7.3,,,3.86,
1958-06-01,2.97,7.1,,,3.91,
1958-07-01,3.2,6.7,,,4.06,
1958-08-01,3.54,6.5,,,4.11,
1958-09-01,3.76,6.2,,,4.19,
1958-10-01,3.8,6.0,,,4.31,
1958-11-01,3.74,5.9,,,4.54,
1958-12-01,3.86,5.9,,,4.63,
1959-01-01,4.02,5.8,,,4.63,
1959-02-01,3.96,5.6,,,4.68,
1959-03-01,3.99,5.6,,,4.86,
1959-04-01,4.12,5.6,,,4.79,
1959-05-01,4.31,5.7,,,4.95,
1959-06-01,4.34,5.7,,,5.03,
1959-07-01,4.4,5.6,,,5.02,
1959-08-01,4.43,5.5,,,5.2,
1959-09-01,4.68,5.8,,,5.42,
1959-10-01,4.53,6.0,,,5.33,
1959-11-01,4.53,6.1,,,5.3,
1959-12-01,4.69,6.2,,,5.37,
1960-01-01,4.72,6.5,,5.33,5.54,
1960-02-01,4.49,6.4,,5.4,5.46,
1960-03-01,4.25,6.4,,5.59,5.39,
1960-04-01,4.28,6.4,,5.67,5.29,
1960-05-01,4.35,6.4,,5.69,5.21,
1960-06-01,4.15,6.6,,6.04,5.07,
1960-07-01,3.9,6.7,,6.01,5.08,
1960-08-01,3.8,6.5,,6.03,4.98,
1960-09-01,3.8,6.5,,6.1,4.8,
1960-10-01,3.89,6.3,,6.1,4.96,
1960-11-01,3.93,6.2,,6.14,5.2,
1960-12-01,3.84,6.2,,6.17,5.28,
1961-01-01,3.84,6.1,,6.15,5.27,
1961-02-01,3.78,6.0,,6.0,5.17,
1961-03-01,3.74,5.9,,6.06,5.14,
1961-04-01,3.78,5.7,,6.03,5.21,
1961-05-01,3.71,5.6,,6.09,5.17,
1961-06-01,3.88,5.6,,6.34,5.04,
1961-07-01,3.92,5.7,,6.56,4.95,
1961-08-01,4.04,5.9,,6.69,4.99,
1961-09-01,3.98,6.0,,6.68,4.98,
1961-10-01,3.92,6.0,,6.11,4.97,
1961-11-01,3.94,6.0,,6.21,4.87,
1961-12-01,4.06,6.0,,6.25,4.94,
1962-01-01,4.08,5.9,,6.2,4.96,
1962-02-01,4.04,5.7,,6.27,4.95,
1962-03-01,3.93,5.6,,6.27,4.88,
1962-04-01,3.84,5.6,,6.28,4.81,
1962-05-01,3.87,5.8,,6.28,4.89,
1962-06-01,3.91,5.9,,6.19,5.13,
1962-07-01,4.01,5.9,,5.81,5.41,
1962-08-01,3.98,6.0,,5.62,5.42,
1962-09-01,3.98,6.0,,4.89,5.38,
1962-10-01,3.93,6.2,,5.05,5.19,
1962-11-01,3.92,6.2,,5.17,5.06,
1962-12-01,3.86,6.1,,5.14,5.11,
1963-01-01,3.83,6.0,,5.23,5.1,
1963-02-01,3.92,6.0,,5.43,5.11,
1963-03-01,3.93,6.0,,5.45,5.11,
1963-04-01,3.97,6.0,,5.29,5.01,
1963-05-01,3.93,6.1,,5.17,4.95,
1963-06-01,3.99,6.1,,5.08,4.95,
1963-07-01,4.02,6.1,,5.06,5.06,
1963-08-01,4.0,6.1,,4.96,5.22,
1963-09-01,4.08,6.1,,4.9,5.22,
1963-10-01,4.11,6.1,,4.97,5.07,
1963-11-01,4.12,6.0,,5.21,5.14,
1963-12-01,4.13,6.0,,5.24,5.15,
1964-01-01,4.17,5.9,,5.27,5.17,
1964-02-01,4.15,5.9,,5.45,5.17,
1964-03-01,4.22,6.0,,5.46,5.22,
1964-04-01,4.23,6.2,,5.49,5.24,
1964-05-01,4.2,6.3,,5.55,5.2,
1964-06-01,4.17,6.3,,5.64,5.2,
1964-07-01,4.19,6.3,,5.76,5.21,
1964-08-01,4.19,6.3,,5.75,5.24,
1964-09-01,4.2,6.4,,5.77,5.22,
1964-10-01,4.19,6.4,,5.84,5.19,
1964-11-01,4.15,6.4,,6.07,5.09,
1964-12-01,4.18,6.4,,6.38,5.06,
1965-01-01,4.19,6.4,,6.35,4.98,
1965-02-01,4.21,6.5,,6.36,5.0,
1965-03-01,4.21,6.5,,6.52,5.09,
1965-04-01,4.2,6.6,,6.6,5.05,
1965-05-01,4.21,6.9,,6.69,5.08,
1965-06-01,4.21,7.1,,6.73,5.15,
1965-07-01,4.2,7.2,,6.79,5.24,
1965-08-01,4.25,7.3,,6.68,5.3,
1965-09-01,4.29,7.4,,6.47,5.3,
1965-10-01,4.35,7.5,,6.43,5.36,
1965-11-01,4.45,7.5,,6.41,5.42,
1965-12-01,4.62,7.7,,6.59,5.42,
1966-01-01,4.61,7.6,,6.42,5.41,
1966-02-01,4.83,7.6,,6.55,5.54,
1966-03-01,4.87,7.7,,6.73,5.63,
1966-04-01,4.75,8.0,,6.7,5.6,
1966-05-01,4.78,8.2,,6.76,5.6,
1966-06-01,4.81,8.4,,7.0,5.64,
1966-07-01,5.02,8.6,,7.34,5.72,
1966-08-01,5.22,8.6,,7.49,5.88,
1966-09-01,5.18,8.5,,7.0,5.79,
1966-10-01,5.01,8.4,,6.92,5.73,
1966-11-01,5.16,8.2,,6.86,5.82,
1966-12-01,4.84,7.7,,6.63,5.86,
1967-01-01,4.58,7.5,,6.57,5.62,
1967-02-01,4.63,7.4,,6.4,5.57,
1967-03-01,4.54,7.2,,6.43,5.5,
1967-04-01,4.59,6.9,,6.37,5.51,
1967-05-01,4.85,6.9,,6.42,5.72,
1967-06-01,5.02,6.9,,6.64,5.85,
1967-07-01,5.16,6.9,,6.81,5.85,
1967-08-01,5.28,6.8,,6.71,5.92,
1967-09-01,5.3,6.7,,6.74,6.05,
1967-10-01,5.48,6.7,,6.9,6.32,
1967-11-01,5.75,6.8,,7.1,6.39,
1967-12-01,5.7,6.8,,7.31,6.48,
1968-01-01,5.53,6.7,,7.3,6.49,
1968-02-01,5.56,6.7,,7.27,6.69,
1968-03-01,5.74,6.7,,7.3,6.88,
1968-04-01,5.64,6.6,,7.27,6.61,
1968-05-01,5.87,6.4,,7.36,6.81,
1968-06-01,5.72,6.4,,7.61,6.74,
1968-07-01,5.5,6.4,,7.69,6.6,
1968-08-01,5.42,6.3,,7.55,6.45,
1968-09-01,5.46,6.3,,7.5,6.51,
1968-10-01,5.58,6.3,,7.52,6.8,
1968-11-01,5.7,6.3,,7.73,6.93,
1968-12-01,6.03,6.3,,8.01,7.19,
1969-01-01,6.04,6.3,,8.26,7.23,
1969-02-01,6.19,6.3,,8.4,7.16,
1969-03-01,6.3,6.4,,8.66,7.24,
1969-04-01,6.17,6.5,,8.65,7.23,
1969-05-01,6.32,6.5,,8.97,7.38,
1969-06-01,6.57,6.7,,9.29,7.55,
1969-07-01,6.72,6.9,,8.98,7.54,5.8
1969-08-01,6.69,6.9,,9.02,7.51,5.79
1969-09-01,7.16,7.2,,9.06,7.72,5.81
1969-10-01,7.1,7.4,,8.84,7.84,5.83
1969-11-01,7.14,7.4,,8.92,8.03,5.85
1969-12-01,7.65,7.6,,8.91,8.27,5.95
1970-01-01,7.79,7.6,,8.89,8.34,5.95
1970-02-01,7.24,7.8,,8.68,8.21,5.96
1970-03-01,7.07,8.1,,8.54,8.05,6.05
1970-04-01,7.39,8.1,,8.55,7.88,6.94
1970-05-01,7.91,8.4,,8.8,8.18,6.85
1970-06-01,7.84,8.7,,8.85,8.06,6.86
1970-07-01,7.46,8.7,,8.5,7.97,6.89
1970-08-01,7.53,8.4,,8.33,7.99,6.87
1970-09-01,7.39,8.5,,8.43,7.92,6.87
1970-10-01,7.33,8.7,,8.42,7.93,6.88
1970-11-01,6.84,8.6,,8.69,7.8,6.83
1970-12-01,6.39,8.2,,8.93,7.26,6.81
1971-01-01,6.24,7.7,,8.8,6.69,6.85
1971-02-01,6.11,7.7,,8.59,6.81,6.85
1971-03-01,5.7,7.9,,8.34,6.8,6.84
1971-04-01,5.83,7.9,,8.21,6.83,6.85
1971-05-01,6.39,8.0,,8.09,7.19,6.82
1971-06-01,6.52,8.2,,8.14,7.25,6.83
1971-07-01,6.73,8.3,,7.71,7.41,6.81
1971-08-01,6.58,8.3,,7.69,7.34,6.82
1971-09-01,6.14,8.1,,7.47,7.0,6.78
1971-10-01,5.93,8.0,,7.24,6.82,6.58
1971-11-01,5.81,7.9,,7.05,6.66,6.38
1971-12-01,5.93,7.9,,7.09,6.54,6.15
1972-01-01,5.95,7.6,,7.03,6.66,6.14
1972-02-01,6.08,7.3,,7.05,6.87,5.84
1972-03-01,6.07,7.4,,7.39,7.07,5.84
1972-04-01,6.19,7.7,,7.44,7.32,5.85
1972-05-01,6.13,7.8,,7.85,7.33,5.85
1972-06-01,6.11,7.9,,8.95,7.39,5.85
1972-07-01,6.11,8.0,,8.9,7.48,5.8
1972-08-01,6.21,7.9,,9.05,7.46,5.75
1972-09-01,6.55,7.9,,9.29,7.48,5.75
1972-10-01,6.48,8.0,,9.1,7.34,5.77
1972-11-01,6.28,8.4,,9.09,7.18,5.76
1972-12-01,6.36,8.6,,9.36,7.12,5.78
1973-01-01,6.46,8.6,,9.17,7.12,5.69
1973-02-01,6.64,8.6,,9.33,7.18,5.76
1973-03-01,6.71,8.6,,9.78,7.3,5.8
1973-04-01,6.67,8.8,,9.66,7.34,6.12
1973-05-01,6.85,9.2,,9.74,7.58,6.2
1973-06-01,6.9,9.9,,9.88,7.76,6.72
1973-07-01,7.13,9.9,,10.43,7.75,6.74
1973-08-01,7.4,9.8,,11.22,7.8,6.73
1973-09-01,7.09,9.6,,11.48,7.82,8.38
1973-10-01,6.79,9.7,,11.29,7.63,8.35
1973-11-01,6.73,9.4,,12.08,7.37,8.35
1973-12-01,6.74,9.6,,12.64,7.69,8.36
1974-01-01,6.99,9.6,,13.0,7.74,8.36
1974-02-01,6.96,9.9,,13.46,7.73,8.36
1974-03-01,7.21,10.5,,13.51,7.92,8.37
1974-04-01,7.51,10.4,,13.82,8.59,8.38
1974-05-01,7.58,10.6,,13.33,8.87,8.45
1974-06-01,7.54,10.7,,13.81,9.26,9.52
1974-07-01,7.81,10.8,,14.17,9.66,9.5
1974-08-01,8.04,10.8,,14.52,9.73,9.5
1974-09-01,8.04,10.8,,14.17,9.76,9.5
1974-10-01,7.9,10.8,,14.61,9.42,9.5
1974-11-01,7.68,10.5,,15.76,8.92,9.5
1974-12-01,7.43,9.9,,16.32,8.84,9.5
1975-01-01,7.5,9.4,,15.07,8.42,9.4
1975-02-01,7.39,8.9,,13.33,8.2,9.5
1975-03-01,7.73,8.9,,12.24,8.26,9.5
1975-04-01,8.23,8.8,,12.42,8.73,9.5
1975-05-01,8.06,8.6,,13.11,8.81,9.5
1975-06-01,7.86,8.4,,12.99,8.8,9.5
1975-07-01,8.06,8.5,,12.75,9.06,10.0
1975-08-01,8.4,8.5,,12.77,9.41,10.0
1975-09-01,8.43,8.5,,12.76,9.7,10.0
1975-10-01,8.14,8.5,,13.51,9.54,10.0
1975-11-01,8.05,8.6,,13.66,9.45,10.0
1975-12-01,8.0,8.5,,13.57,9.54,10.0
1976-01-01,7.74,8.3,,12.64,9.39,10.02
1976-02-01,7.79,8.2,,12.13,9.29,10.0
1976-03-01,7.73,7.9,,12.55,9.47,9.99
1976-04-01,7.56,7.9,,12.47,9.33,10.0
1976-05-01,7.9,8.1,,12.37,9.33,10.0
1976-06-01,7.86,8.2,,13.45,9.32,9.99
1976-07-01,7.83,8.4,,13.56,9.35,10.0
1976-08-01,7.77,8.3,,13.67,9.32,9.99
1976-09-01,7.59,8.1,,14.18,9.14,9.99
1976-10-01,7.41,8.0,,15.67,9.13,9.98
1976-11-01,7.29,7.6,,15.46,9.01,10.0
1976-12-01,6.87,7.4,,15.17,8.67,10.41
1977-01-01,7.21,7.2,,14.07,8.5,10.4
1977-02-01,7.39,7.2,,13.34,8.57,10.4
1977-03-01,7.46,7.0,,12.44,8.76,10.4
1977-04-01,7.37,6.6,,12.18,8.8,10.4
1977-05-01,7.46,6.5,,11.86,8.81,10.41
1977-06-01,7.28,6.6,,12.52,8.74,10.41
1977-07-01,7.33,6.4,,12.87,8.72,10.41
1977-08-01,7.4,6.2,,12.29,8.67,10.41
1977-09-01,7.34,6.2,,11.03,8.57,10.18
1977-10-01,7.52,6.2,,10.31,8.69,10.01
1977-11-01,7.58,6.2,,10.72,8.73,9.79
1977-12-01,7.69,6.1,,10.7,8.76,9.5
1978-01-01,7.96,5.9,,10.61,8.98,9.36
1978-02-01,8.03,5.8,,10.39,9.12,9.2
1978-03-01,8.04,5.7,,11.2,9.15,9.2
1978-04-01,8.15,5.7,,11.91,9.23,9.17
1978-05-01,8.35,5.9,,12.28,9.16,9.1
1978-06-01,8.46,6.0,,12.48,9.23,9.1
1978-07-01,8.64,6.2,,12.37,9.19,9.1
1978-08-01,8.41,6.4,,12.23,9.13,9.0
1978-09-01,8.42,6.3,,12.38,9.16,9.0
1978-10-01,8.64,6.4,,12.72,9.3,8.89
1978-11-01,8.81,6.6,,13.09,9.55,8.8
1978-12-01,9.01,6.7,,13.12,9.63,8.8
1979-01-01,9.1,6.8,,13.55,9.83,8.85
1979-02-01,9.1,7.1,,13.99,9.91,9.0
1979-03-01,9.12,7.2,,12.08,9.92,9.35
1979-04-01,9.18,7.3,,11.39,9.76,9.65
1979-05-01,9.25,7.8,,11.75,9.76,9.7
1979-06-01,8.91,8.0,,12.56,9.74,10.0
1979-07-01,8.95,7.9,,12.34,9.76,10.07
1979-08-01,9.03,7.6,,12.26,10.01,10.07
1979-09-01,9.33,7.5,,12.56,10.29,10.07
1979-10-01,10.3,7.7,,13.09,10.85,10.07
1979-11-01,10.65,8.0,,14.76,11.12,10.08
1979-12-01,10.39,7.9,,15.02,11.2,10.08
1980-01-01,10.8,8.0,,14.41,11.69,10.45
1980-02-01,12.41,8.4,,14.74,12.61,10.55
1980-03-01,12.75,9.4,,14.93,13.22,11.2
1980-04-01,11.47,9.4,,14.42,12.56,11.73
1980-05-01,10.18,8.3,,14.11,11.4,11.78
1980-06-01,9.78,8.1,,13.78,11.28,11.76
1980-07-01,10.25,7.9,,13.08,11.6,11.78
1980-08-01,11.1,7.8,,13.7,12.38,11.82
1980-09-01,11.51,8.1,,13.47,12.59,11.78
1980-10-01,11.75,8.3,,13.2,12.76,11.9
1980-11-01,12.68,8.6,,13.34,13.03,12.42
1980-12-01,12.84,8.8,,13.78,12.94,12.6
1981-01-01,12.57,9.0,,13.97,12.82,13.1
1981-02-01,13.19,9.8,,13.84,13.3,13.1
1981-03-01,13.12,10.2,,13.66,13.37,13.1
1981-04-01,13.68,10.0,,13.66,14.25,13.1
1981-05-01,14.1,10.5,,14.4,15.34,13.1
1981-06-01,13.47,10.5,,14.69,14.76,13.1
1981-07-01,14.28,10.5,,15.28,15.89,13.9
1981-08-01,14.94,10.7,,15.23,16.45,15.0
1981-09-01,15.32,10.6,,15.81,17.0,15.0
1981-10-01,15.15,10.2,,16.34,16.76,15.0
1981-11-01,13.39,9.9,,15.72,14.93,15.0
1981-12-01,13.72,9.7,,16.0,15.0,15.0
1982-01-01,14.59,9.8,,15.94,15.82,15.0
1982-02-01,14.43,9.7,,15.09,15.66,15.1
1982-03-01,13.86,9.4,,14.01,14.95,15.15
1982-04-01,13.87,8.9,,14.2,14.93,15.2
1982-05-01,13.62,8.7,,13.89,14.7,16.4
1982-06-01,14.3,9.1,,13.75,15.96,16.4
1982-07-01,13.95,9.3,,13.35,16.1625,16.4
1982-08-01,13.06,9.0,,12.21,14.9625,16.5
1982-09-01,12.34,8.6,,11.51,13.926,15.2
1982-10-01,10.91,8.3,,10.69,12.735,14.55
1982-11-01,10.55,8.2,,10.8,11.77,14.6
1982-12-01,10.54,7.9,,11.58,11.648,14.0
1983-01-01,10.46,7.8,,11.87,11.365,13.0
1983-02-01,10.72,7.8,,11.79,11.4325,13.6
1983-03-01,10.51,7.6,,11.38,11.186,14.4
1983-04-01,10.4,7.7,,11.06,11.0675,14.1
1983-05-01,10.38,7.8,,11.16,10.71,13.1
1983-06-01,10.85,8.2,,10.99,11.046,14.7
1983-07-01,11.38,8.2,,11.53,11.5675,14.8
1983-08-01,11.85,8.4,,11.72,11.79,14.7
1983-09-01,11.65,8.5,,11.25,11.77,14.15
1983-10-01,11.54,8.3,,11.02,11.5475,13.4
1983-11-01,11.69,8.3,,10.68,11.516,13.2
1983-12-01,11.83,8.4,,10.77,11.785,13.5
1984-01-01,11.67,8.4,,10.77,11.7175,13.5
1984-02-01,11.84,8.2,,10.87,11.872,14.0
1984-03-01,12.32,8.1,,10.66,12.8425,14.1
1984-04-01,12.63,8.1,,10.85,13.235,13.9
1984-05-01,13.41,8.2,,11.38,13.64,14.15
1984-06-01,13.56,8.2,,11.59,13.6675,13.75
1984-07-01,13.36,8.2,,12.07,13.73,13.15
1984-08-01,12.72,8.1,,11.41,12.912,12.8
1984-09-01,12.52,7.8,,11.23,12.7675,13.1
1984-10-01,12.16,7.6,,11.1,12.544,13.2
1984-11-01,11.57,7.4,,10.73,11.93,13.25
1984-12-01,11.5,7.2,,10.87,11.6625,13.4
1985-01-01,11.38,7.3,,11.36,11.406,13.1
1985-02-01,11.51,7.6,,11.49,11.855,13.7
1985-03-01,11.86,7.7,,11.33,12.16,13.8
1985-04-01,11.43,7.4,,11.07,11.545,13.95
1985-05-01,10.85,7.2,,11.23,11.074,13.8
1985-06-01,10.16,7.1,,11.03,10.515,13.5
1985-07-01,10.31,6.9,,10.77,10.594,13.4
1985-08-01,10.33,6.7,,10.69,10.595,13.95
1985-09-01,10.37,6.5,,10.68,10.7925,13.8
1985-10-01,10.24,6.7,,10.52,10.668,14.55
1985-11-01,9.78,6.8,,10.69,10.0175,15.05
1985-12-01,9.26,6.6,,10.78,9.72,14.85
1986-01-01,9.19,6.5,,11.13,10.042,14.1
1986-02-01,8.7,6.4,,10.73,9.9675,13.7
1986-03-01,7.78,6.1,,9.69,9.4025,12.6
1986-04-01,7.3,5.7,,8.94,8.848,12.25
1986-05-01,7.71,6.1,,9.15,8.9325,12.65
1986-06-01,7.8,6.2,,9.45,9.12,12.95
1986-07-01,7.3,6.1,,9.61,8.872,14.2
1986-08-01,7.17,5.9,,9.66,8.825,14.1
1986-09-01,7.45,6.0,,10.28,9.0025,13.85
1986-10-01,7.43,6.3,,10.92,9.166,13.6
1986-11-01,7.25,6.4,,11.08,8.9025,13.6
1986-12-01,7.11,6.2,,10.98,8.666,13.4
1987-01-01,7.08,6.1,,10.27,8.33,13.8
1987-02-01,7.25,6.1,,9.97,8.4575,14.0
1987-03-01,7.25,6.0,,9.11,8.2825,13.45
1987-04-01,8.02,5.8,,9.14,8.828,13.05
1987-05-01,8.61,5.7,,8.8,9.5925,13.0
1987-06-01,8.4,6.0,,8.93,9.3325,12.8
1987-07-01,8.45,6.3,,9.29,9.574,12.95
1987-08-01,8.76,6.5,,10.13,10.095,12.95
1987-09-01,9.42,6.7,,10.21,10.722,12.5
1987-10-01,9.52,6.9,,10.14,10.4375,13.65
1987-11-01,8.86,6.4,,9.23,9.875,13.3
1987-12-01,8.99,6.5,,9.63,10.122,12.85
1988-01-01,8.67,6.5,,9.71,9.715,12.4
1988-02-01,8.21,6.3,,9.52,9.2,12.3
1988-03-01,8.37,6.2,,9.22,9.422,11.9
1988-04-01,8.72,6.3,,9.2,9.6925,11.5
1988-05-01,9.09,6.6,,9.41,9.9425,12.3
1988-06-01,8.92,6.6,,9.51,9.722,11.95
1988-07-01,9.06,6.7,,9.84,9.9,11.95
1988-08-01,9.26,6.8,,9.91,10.242,11.8
1988-09-01,8.98,6.6,,10.1,10.15,11.95
1988-10-01,8.8,6.4,,9.69,9.8475,11.9
1988-11-01,8.96,6.4,,9.86,10.02,12.35
1988-12-01,9.11,6.5,,10.14,10.1175,12.95
1989-01-01,9.09,6.7,4.8,9.96,10.1271428571429,13.3
1989-02-01,9.17,6.9,4.894,9.72,10.2555,13.65
1989-03-01,9.36,7.0,5.147,9.88,10.5631818181818,13.65
1989-04-01,9.18,6.9,5.221,10.18,10.326,13.4
1989-05-01,8.86,7.1,5.174,10.17,9.90045454545455,13.9
1989-06-01,8.28,6.9,5.225,10.55,9.43272727272727,13.5
1989-07-01,8.02,6.8,5.04,10.15,9.3245,13.35
1989-08-01,8.11,6.8,4.883,9.91,9.35090909090909,12.95
1989-09-01,8.19,7.0,5.096,10.21,9.5465,13.65
1989-10-01,8.01,7.2,5.156,10.45,9.4905,13.55
1989-11-01,7.87,7.5,5.371,10.55,9.48857142857143,13.1
1989-12-01,7.84,7.5,5.52,10.56,9.58105263157895,12.9
1990-01-01,8.21,7.695,6.449,10.89,9.83772727272727,12.8
1990-02-01,8.47,8.575,6.778,11.33,10.283,13.3
1990-03-01,8.59,8.645,6.899,12.42,10.8059090909091,13.44
1990-04-01,8.79,8.7625,6.906,12.74,11.5185,13.78
1990-05-01,8.76,8.715,6.508,12.41,11.145,13.51
1990-06-01,8.48,8.8325,6.421,11.8,10.74,13.4
1990-07-01,8.47,8.545,6.772,11.84,10.6542857142857,13.16
1990-08-01,8.75,8.9975,7.62,12.15,10.705,13.49
1990-09-01,8.89,9.105,8.032,12.1,10.9794736842105,13.63
1990-10-01,8.72,9.0675,7.6,11.74,11.1827272727273,13.35
1990-11-01,8.39,8.9325,7.08,11.37,10.6185714285714,12.23
1990-12-01,8.08,8.845,6.454,10.84,10.2547368421053,12.07
1991-01-01,8.09,8.9275,6.432,10.59,10.1163636363636,11.52
1991-02-01,7.85,8.35,6.309,10.13,9.551,11.53
1991-03-01,8.11,8.4275,6.591,10.29,9.621,11.38
1991-04-01,8.04,8.3575,6.64,10.19,9.52045454545454,10.98
1991-05-01,8.07,8.395,6.637,10.38,9.58181818181818,10.75
1991-06-01,8.28,8.4075,6.735,10.58,9.9265,11.17
1991-07-01,8.27,8.6325,6.67,10.28,9.97772727272727,10.99
1991-08-01,7.9,8.52,6.414,10.03,9.74142857142857,10.67
1991-09-01,7.65,8.455,6.081,9.64,9.441,10.31
1991-10-01,7.53,8.3475,5.885,9.72,9.00681818181818,9.82
1991-11-01,7.42,8.315,5.927,9.77,8.5735,9.78
1991-12-01,7.09,8.2125,5.719,9.66,8.4135,9.39
1992-01-01,7.03,7.9475,5.449,9.46,8.14045454545455,10.11
1992-02-01,7.34,7.92,5.578,9.3,8.387,10.04
1992-03-01,7.54,8.0275,5.531,9.68,8.745,9.89
1992-04-01,7.48,8.035,5.71,9.43,8.78857142857143,9.43
1992-05-01,7.39,8.075,5.739,9.02,8.545,9.12
1992-06-01,7.26,8.0675,5.64,9.12,8.23863636363636,8.9
1992-07-01,6.84,8.125,5.408,9.05,7.72681818181818,8.3
1992-08-01,6.59,8.04,5.112,9.35,7.2935,8.97
1992-09-01,6.42,7.6525,5.021,9.19,7.47428571428571,8.94
1992-10-01,6.59,7.4525,5.015,8.65,7.67809523809524,8.86
1992-11-01,6.87,7.36,4.868,8.19,7.856,9.14
1992-12-01,6.77,7.32,4.848,8.32,7.86142857142857,8.94
1993-01-01,6.6,7.1325,4.723,8.29,7.969,8.6
1993-02-01,6.26,6.905,4.409,7.95,7.6585,7.98
1993-03-01,5.98,6.6375,4.318,7.72,7.44391304347826,7.82
1993-04-01,5.97,6.6775,4.593,7.89,7.46857142857143,7.55
1993-05-01,6.04,6.83,4.943,8.15,7.566,7.71
1993-06-01,5.96,6.8075,4.836,7.96,7.45545454545455,7.37
1993-07-01,5.81,6.6075,4.517,7.62,7.20380952380952,6.88
1993-08-01,5.68,6.3725,4.407,7.07,6.95428571428571,6.64
1993-09-01,5.36,6.19,4.016,6.96,6.88142857142857,6.84
1993-10-01,5.33,5.985,3.931,6.87,6.7975,6.49
1993-11-01,5.72,5.9825,3.762,6.85,6.84904761904762,6.81
1993-12-01,5.77,5.83,3.396,6.4253,6.69333333333333,6.68
1994-01-01,5.75,5.815,3.597,6.3794,6.464,6.36
1994-02-01,5.97,6.135,4.041,6.7572,6.7065,7.05
1994-03-01,6.48,6.345,4.453,7.417,7.46565217391304,7.95
1994-04-01,6.97,6.607,4.093,7.8401,8.08,8.44
1994-05-01,7.18,6.6635,3.984,8.2825,8.44047619047619,8.79
1994-06-01,7.1,7.05238095238095,4.278,8.7105,8.99863636363636,9.63
1994-07-01,7.3,6.89619047619048,4.531,8.533,9.1455,9.57
1994-08-01,7.24,7.0895652173913,4.778,8.6524,8.89636363636364,9.36
1994-09-01,7.46,7.51545454545455,4.642,8.8959,8.90285714285714,10.33
1994-10-01,7.74,7.5415,4.684,8.7797,9.062,10.51
1994-11-01,7.96,7.49142857142857,4.718,8.6361,9.15142857142857,10.47
1994-12-01,7.81,7.46095238095238,4.561,8.5814,9.065,10.04
1995-01-01,7.78,7.59590909090909,4.605,8.7349,9.34952380952381,10.3345
1995-02-01,7.47,7.424,4.515,8.6557,8.9015,10.1465
1995-03-01,7.2,7.27739130434783,4.113,8.5938,8.64217391304348,10.1378260869565
1995-04-01,7.06,7.08833333333333,3.545,8.4378,8.41684210526316,9.79882352941176
1995-05-01,6.63,6.86238095238095,3.386,8.1802,8.06045454545455,9.10608695652174
1995-06-01,6.17,6.783,3.024,8.1097,7.85818181818182,8.85619047619048
1995-07-01,6.28,6.86238095238095,2.933,8.2613,8.076,9.08190476190476
1995-08-01,6.49,6.74608695652174,3.215,8.1169,8.26409090909091,9.12434782608696
1995-09-01,6.2,6.5852380952381,3.03,7.9486,7.9285,8.68619047619048
1995-10-01,6.04,6.5652380952381,2.925,8.0967,7.72095238095238,8.50863636363636
1995-11-01,5.93,6.34181818181818,3.048,7.7752,7.47380952380952,8.495
1995-12-01,5.71,6.07473684210526,2.983,7.4926,7.24947368421053,8.25473684210526
1996-01-01,5.65,5.88727272727273,3.12,7.4408,7.09181818181818,8.11238095238095
1996-02-01,5.81,6.20428571428571,3.271,7.7618,7.24047619047619,8.24857142857143
1996-03-01,6.27,6.4452380952381,3.299,8.057,7.62190476190476,8.80809523809524
1996-04-01,6.51,6.377,3.301,8.0602,7.69952380952381,8.87368421052632
1996-05-01,6.74,6.446,3.388,8.0871,7.76818181818182,8.83217391304348
1996-06-01,6.91,6.55894736842105,3.252,8.054,7.8095,8.93157894736842
1996-07-01,6.87,6.47869565217391,3.294,7.9162,7.71181818181818,8.6295652173913
1996-08-01,6.64,6.30227272727273,3.209,7.8219,7.30571428571429,8.04
1996-09-01,6.83,6.22666666666667,2.928,7.8151,7.3385,8.00333333333333
1996-10-01,6.53,6.00863636363636,2.8,7.5413,6.64454545454545,7.5504347826087
1996-11-01,6.2,5.85952380952381,2.759,7.5952,6.135,7.15666666666667
1996-12-01,6.3,5.79,2.597,7.5716,6.392,7.324
1997-01-01,6.58,5.80409090909091,2.632,7.5552,6.63272727272727,7.45904761904762
1997-02-01,6.42,5.5445,2.583,7.1962,6.3035,7.394
1997-03-01,6.69,5.71526315789474,2.524,7.4544,6.5395,7.89947368421053
1997-04-01,6.89,5.86681818181818,2.382,7.638,6.78454545454545,7.92380952380952
1997-05-01,6.71,5.76111111111111,2.736,7.1681,6.57333333333333,7.67454545454545
1997-06-01,6.49,5.71857142857143,2.684,7.1418,6.27142857142857,7.151
1997-07-01,6.22,5.55652173913044,2.505,7.0577,5.96318181818182,6.64260869565217
1997-08-01,6.3,5.66,2.354,7.0893,5.9945,6.65095238095238
1997-09-01,6.21,5.59272727272727,2.21,6.8216,5.87619047619048,6.31136363636364
1997-10-01,6.03,5.57818181818182,1.994,6.5109,5.60909090909091,6.18217391304348
1997-11-01,5.88,5.5565,1.941,6.624,5.50315789473684,6.031
1997-12-01,5.81,5.32736842105263,1.939,6.3739,5.66571428571429,6.13904761904762
1998-01-01,5.54,5.11238095238095,1.948,6.0978,5.36047619047619,5.806
1998-02-01,5.57,4.989,2.0,6.0461,5.434,5.887
1998-03-01,5.65,4.89954545454545,1.855,5.992,5.42727272727273,5.865
1998-04-01,5.64,4.902,1.867,5.8249,5.31238095238095,5.685
1998-05-01,5.65,4.96473684210526,1.655,5.8648,5.387,5.63904761904762
1998-06-01,5.5,4.7985,1.54,5.7743,5.31863636363636,5.57619047619048
1998-07-01,5.46,4.68478260869565,1.683,5.8319,5.34772727272727,5.52130434782609
1998-08-01,5.34,4.42523809523809,1.502,5.5706,5.565,5.63857142857143
1998-09-01,4.81,4.06090909090909,1.103,5.151,5.24666666666667,5.34590909090909
1998-10-01,4.53,4.06454545454545,0.879,5.0114,4.90809523809524,4.96590909090909
1998-11-01,4.83,4.12047619047619,0.977,4.9292,5.169,5.13095238095238
1998-12-01,4.65,3.8635,1.488,4.5175,4.87238095238095,4.85476190476191
1999-01-01,4.72,3.702,1.91,4.2868,4.9465,5.12789473684211
1999-02-01,5.0,3.849,2.117,4.4319,5.124,5.3
1999-03-01,5.23,4.03782608695652,1.816,4.6554,5.2204347826087,5.52652173913043
1999-04-01,5.18,3.85,1.563,4.592,5.02952380952381,5.3575
1999-05-01,5.54,4.01210526315789,1.334,4.9068,5.3595,5.87571428571429
1999-06-01,5.9,4.36047619047619,1.632,5.1716,5.58090909090909,6.20666666666667
1999-07-01,5.79,4.67636363636364,1.703,5.3721,5.49095238095238,6.13590909090909
1999-08-01,5.94,4.87909090909091,1.878,5.4312,5.75571428571429,6.34
1999-09-01,5.92,5.04045454545455,1.759,5.6909,5.72142857142857,6.34136363636364
1999-10-01,6.11,5.29238095238095,1.692,5.8801,6.0895,6.60666666666667
1999-11-01,6.03,5.04,1.817,5.3145,6.0347619047619,6.55636363636364
1999-12-01,6.28,5.14761904761905,1.767,5.389,6.14,6.73714285714286
2000-01-01,6.66,5.53952380952381,1.691,5.8227,6.4915,7.1778947368421
2000-02-01,6.52,5.50857142857143,1.796,5.6347,6.33857142857143,6.95761904761905
2000-03-01,6.26,5.33304347826087,1.819,5.3707,6.02826086956522,6.5704347826087
2000-04-01,5.99,5.22555555555556,1.74,5.3213,5.92421052631579,6.26470588235294
2000-05-01,6.44,5.37818181818182,1.705,5.4033,6.215,6.46565217391304
2000-06-01,6.1,5.19136363636364,1.664,5.2097,5.89545454545455,6.17238095238095
2000-07-01,6.05,5.26619047619048,1.689,5.2388,5.8635,6.16190476190476
2000-08-01,5.83,5.2104347826087,1.75,5.3312,5.76636363636364,6.22739130434783
2000-09-01,5.8,5.26333333333333,1.876,5.3873,5.7295,6.13619047619048
2000-10-01,5.74,5.20714285714286,1.815,5.2179,5.72333333333333,6.10795454545455
2000-11-01,5.72,5.15363636363636,1.764,5.0983,5.72714285714286,5.98954545454545
2000-12-01,5.24,4.89052631578947,1.624,4.9118,5.40210526315789,5.54315789473684
2001-01-01,5.16,4.80318181818182,1.508,4.8471,5.41863636363636,5.40547619047619
2001-02-01,5.1,4.7775,1.415,4.8248,5.43,5.32125
2001-03-01,4.89,4.66772727272727,1.169,4.703,5.30136363636364,5.13068181818182
2001-04-01,5.14,4.82789473684211,1.315,4.9468,5.5915,5.57722222222222
2001-05-01,5.39,5.04681818181818,1.25,5.1153,5.85136363636364,5.94347826086957
2001-06-01,5.28,5.0,1.152,5.1951,5.71809523809524,5.89675
2001-07-01,5.24,5.01590909090909,1.305,5.2037,5.80047619047619,6.08636363636364
2001-08-01,4.97,4.82391304347826,1.343,4.9854,5.53090909090909,5.76152173913044
2001-09-01,4.73,4.813,1.346,4.9876,5.30263157894737,5.57825
2001-10-01,4.57,4.5995652173913,1.363,4.8253,5.23272727272727,5.40760869565217
2001-11-01,4.65,4.44772727272727,1.328,4.6271,5.17714285714286,5.45772727272727
2001-12-01,5.09,4.73588235294118,1.334,4.8928,5.40842105263158,5.81684210526316
2002-01-01,5.04,4.86272727272727,1.42,4.9171,5.34363636363636,5.85833333333333
2002-02-01,4.91,4.9195,1.501,4.9251,5.321,5.94575
2002-03-01,5.28,5.161,1.421,5.2202,5.667,6.309
2002-04-01,5.21,5.1552380952381,1.394,5.2331,5.65863636363636,6.294
2002-05-01,5.16,5.16772727272727,1.365,5.2689,5.59590909090909,6.21521739130435
2002-06-01,4.93,5.0175,1.328,5.099,5.424,6.00763157894737
2002-07-01,4.65,4.86739130434783,1.296,5.0027,5.29045454545455,5.85978260869565
2002-08-01,4.26,4.58954545454545,1.255,4.746,5.12047619047619,5.64840909090909
2002-09-01,3.87,4.38523809523809,1.129,4.5006,4.8855,5.43571428571429
2002-10-01,3.94,4.46391304347826,1.095,4.616,5.12727272727273,5.65913043478261
2002-11-01,4.05,4.47761904761905,0.979,4.6378,5.0895,5.49952380952381
2002-12-01,4.03,4.33555555555556,0.975,4.5644,4.9675,5.395
2003-01-01,4.05,4.18,0.836,4.3899,4.96181818181818,5.275
2003-02-01,3.9,3.955,0.828,4.2131,5.012,5.16775
2003-03-01,3.81,4.00047619047619,0.724,4.3243,4.99714285714286,5.27166666666667
2003-04-01,3.96,4.147,0.663,4.4663,5.05190476190476,5.34605263157895
2003-05-01,3.57,3.8152380952381,0.577,4.2197,4.67190476190476,5.02818181818182
2003-06-01,3.33,3.61666666666667,0.529,4.1127,4.28809523809524,4.80275
2003-07-01,3.98,3.97260869565217,0.956,4.4078,4.68318181818182,5.23282608695652
2003-08-01,4.45,4.13,1.406,4.604,4.902,5.52404761904762
2003-09-01,4.27,4.17136363636364,1.42,4.7132,4.75714285714286,5.51295454545455
2003-10-01,4.29,4.22130434782609,1.437,4.9071,4.81545454545455,5.60869565217391
2003-11-01,4.3,4.353,1.333,5.065,4.85684210526316,5.874
2003-12-01,4.27,4.29105263157895,1.33,4.896,4.72904761904762,5.75738095238095
2004-01-01,4.15,4.17095238095238,1.33,4.7875,4.58619047619048,5.7005
2004-02-01,4.08,4.11,1.211,4.8056,4.4515,5.6205
2004-03-01,3.83,3.91347826086957,1.418,4.7088,4.2604347826087,5.4154347826087
2004-04-01,4.35,4.097,1.52,4.957,4.61285714285714,5.803
2004-05-01,4.72,4.25333333333333,1.505,5.1118,4.773,5.95809523809524
2004-06-01,4.73,4.31272727272727,1.807,5.2,4.93272727272727,5.84547619047619
2004-07-01,4.5,4.23681818181818,1.808,5.1083,4.75,5.71772727272727
2004-08-01,4.28,4.08045454545455,1.588,5.0071,4.63095238095238,5.58318181818182
2004-09-01,4.13,4.01636363636364,1.393,4.9109,4.60238095238095,5.41204545454546
2004-10-01,4.1,3.8947619047619,1.483,4.7683,4.55,5.40142857142857
2004-11-01,4.19,3.78045454545455,1.452,4.6903,4.48476190476191,5.4
2004-12-01,4.23,3.57952380952381,1.397,4.5316,4.32047619047619,5.23190476190476
2005-01-01,4.22,3.5647619047619,1.31,4.5419,4.2605,5.35184210526316
2005-02-01,4.17,3.544,1.419,4.5884,4.205,5.39775
2005-03-01,4.5,3.69619047619048,1.325,4.796,4.35818181818182,5.65261904761905
2005-04-01,4.34,3.48238095238095,1.257,4.6218,4.19380952380952,5.472
2005-05-01,4.14,3.30409090909091,1.238,4.4173,4.07380952380952,5.28772727272727
2005-06-01,4.0,3.12636363636364,1.143,4.2847,3.82818181818182,5.14047619047619
2005-07-01,4.18,3.20571428571429,1.295,4.3011,3.8995,5.1902380952381
2005-08-01,4.26,3.23260869565217,1.365,4.3249,3.92045454545455,5.21869565217391
2005-09-01,4.2,3.06772727272727,1.45,4.2109,3.86857142857143,5.18636363636364
2005-10-01,4.46,3.23857142857143,1.513,4.3482,4.047,5.4002380952381
2005-11-01,4.54,3.44818181818182,1.454,4.3129,4.10714285714286,5.43522727272727
2005-12-01,4.47,3.33761904761905,1.488,4.2186,4.041,5.3465
2006-01-01,4.42,3.32136363636364,1.547,4.0752,4.02904761904762,5.2035
2006-02-01,4.57,3.4725,1.598,4.1543,4.17,5.272
2006-03-01,4.72,3.63739130434783,1.759,4.3177,4.1995652173913,5.34130434782609
2006-04-01,4.99,3.895,1.956,4.5177,4.41578947368421,5.57970588235294
2006-05-01,5.11,3.96272727272727,1.849,4.6488,4.39954545454545,5.75
2006-06-01,5.11,3.96045454545455,1.901,4.6645,4.44136363636364,5.73785714285714
2006-07-01,5.09,4.01,1.927,4.656,4.444,5.83404761904762
2006-08-01,4.88,3.88391304347826,1.668,4.6535,4.25272727272727,5.77326086956522
2006-09-01,4.72,3.75380952380952,1.628,4.5522,4.06857142857143,5.60166666666667
2006-10-01,4.73,3.78772727272727,1.718,4.6155,4.10666666666667,5.665
2006-11-01,4.6,3.71409090909091,1.69,4.5452,3.99952380952381,5.59954545454545
2006-12-01,4.56,3.77052631578947,1.645,4.6195,3.96631578947368,5.69657894736842
2007-01-01,4.76,4.01681818181818,1.705,4.8694,4.12181818181818,5.87761904761905
2007-02-01,4.72,4.049,1.64,4.896,4.1175,5.80925
2007-03-01,4.56,3.94090909090909,1.629,4.8194,4.04590909090909,5.73681818181818
2007-04-01,4.69,4.1521052631579,1.653,5.0439,4.1715,5.90972222222222
2007-05-01,4.75,4.27904761904762,1.733,5.1458,4.29272727272727,5.92086956521739
2007-06-01,5.1,4.56047619047619,1.903,5.4321,4.61285714285714,6.20475
2007-07-01,5.0,4.505,1.809,5.4084,4.59,6.14977272727273
2007-08-01,4.67,4.29652173913043,1.577,5.1499,4.42863636363636,5.92590909090909
2007-09-01,4.52,4.226,1.698,4.9928,4.35631578947368,5.99210526315789
2007-10-01,4.53,4.28260869565217,1.616,4.9576,4.36272727272727,6.17434782608696
2007-11-01,4.15,4.08909090909091,1.497,4.7263,4.12142857142857,6.02545454545455
2007-12-01,4.1,4.20588235294118,1.526,4.6937,4.01578947368421,6.20763157894737
2008-01-01,3.74,4.02772727272727,1.429,4.4925,3.84818181818182,6.07642857142857
2008-02-01,3.74,3.95285714285714,1.429,4.6234,3.828,6.29452380952381
2008-03-01,3.51,3.79947368421053,1.245,4.445,3.509,6.08552631578947
2008-04-01,3.68,4.04,1.6,4.6432,3.62863636363636,6.17047619047619
2008-05-01,3.88,4.20190476190476,1.778,4.8683,3.62142857142857,6.355
2008-06-01,4.1,4.52047619047619,1.601,5.2103,3.76,6.58675
2008-07-01,4.01,4.4904347826087,1.537,5.0494,3.75045454545455,6.36652173913044
2008-08-01,3.89,4.20238095238095,1.431,4.7267,3.5915,5.8625
2008-09-01,3.69,4.09409090909091,1.481,4.5701,3.54095238095238,5.64590909090909
2008-10-01,3.81,3.88347826086957,1.486,4.5789,3.66818181818182,5.21522727272727
2008-11-01,3.53,3.5565,1.377,4.2571,3.57157894736842,4.94075
2008-12-01,2.42,3.04789473684211,1.214,3.6238,2.94571428571429,4.21571428571429
2009-01-01,2.52,3.07095238095238,1.272,3.6699,2.81238095238095,4.08575
2009-02-01,2.87,3.1275,1.277,3.6899,2.96052631578947,4.253
2009-03-01,2.82,3.01954545454545,1.323,3.2497,2.88590909090909,4.32772727272727
2009-04-01,2.93,3.133,1.402,3.4072,2.95428571428571,4.512
2009-05-01,3.29,3.371,1.481,3.6206,3.202,5.00428571428571
2009-06-01,3.72,3.47363636363636,1.363,3.7221,3.45909090909091,5.55666666666667
2009-07-01,3.56,3.33782608695652,1.386,3.8238,3.42909090909091,5.48782608695652
2009-08-01,3.59,3.3052380952381,1.314,3.7142,3.4645,5.53325
2009-09-01,3.4,3.26318181818182,1.258,3.6566,3.36571428571429,5.32363636363636
2009-10-01,3.39,3.20909090909091,1.404,3.5699,3.4252380952381,5.4502380952381
2009-11-01,3.4,3.21714285714286,1.253,3.7592,3.3925,5.46666666666667
2009-12-01,3.59,3.1385,1.272,3.8871,3.41619047619048,5.47309523809524
2010-01-01,3.73,3.2575,1.308,4.0025,3.485,5.5575
2010-02-01,3.69,3.17,1.295,4.0624,3.42368421052632,5.4775
2010-03-01,3.73,3.10217391304348,1.361,4.0915,3.4904347826087,5.62
2010-04-01,3.85,3.0645,1.286,4.1007,3.67,5.795
2010-05-01,3.42,2.73428571428571,1.257,3.7772,3.4455,5.48
2010-06-01,3.2,2.54318181818182,1.08,3.6007,3.29772727272727,5.3275
2010-07-01,3.01,2.61590909090909,1.075,3.5087,3.1852380952381,5.145
2010-08-01,2.7,2.35,1.023,3.233,2.94952380952381,4.97
2010-09-01,2.65,2.30045454545455,0.898,3.1271,2.88142857142857,5.0025
2010-10-01,2.54,2.34571428571429,0.903,3.0685,2.766,5.085
2010-11-01,2.76,2.53272727272727,1.161,3.311,3.02238095238095,5.3775
2010-12-01,3.29,2.9147619047619,1.133,3.6098,3.2047619047619,5.555
2011-01-01,3.39,3.01666666666667,1.213,3.7273,3.253,5.52
2011-02-01,3.58,3.199,1.241,3.8799,3.41736842105263,5.61
2011-03-01,3.41,3.21173913043478,1.214,3.7386,3.26652173913043,5.435
2011-04-01,3.46,3.34052631578947,1.215,3.7619,3.328,5.5125
2011-05-01,3.17,3.06090909090909,1.118,3.5053,3.15190476190476,5.325
2011-06-01,3.0,2.89090909090909,1.084,3.4144,2.98772727272727,5.16
2011-07-01,3.0,2.74380952380952,1.075,3.3137,2.9385,5.02
2011-08-01,2.3,2.21347826086957,1.023,2.7833,2.44636363636364,4.4925
2011-09-01,1.98,1.82909090909091,0.975,2.504,2.19666666666667,4.2025
2011-10-01,2.15,2.00238095238095,1.038,2.529,2.296,4.37
2011-11-01,2.01,1.87409090909091,1.062,2.2917,2.12238095238095,4.0825
2011-12-01,1.98,1.92761904761905,0.971,2.1828,1.992,3.825
2012-01-01,1.97,1.82090909090909,0.959,2.1104,1.98,3.795
2012-02-01,1.97,1.85190476190476,0.962,2.2191,2.021,3.97
2012-03-01,2.17,1.83045454545455,0.966,2.323,2.10681818181818,4.15
2012-04-01,2.05,1.62421052631579,0.914,2.2117,2.0645,3.8575
2012-05-01,1.8,1.33681818181818,0.846,1.9416,1.92227272727273,3.2775
2012-06-01,1.62,1.30047619047619,0.789,1.7698,1.74761904761905,2.995
2012-07-01,1.53,1.24227272727273,0.78,1.6523,1.65619047619048,2.8875
2012-08-01,1.68,1.34173913043478,0.8,1.6735,1.82681818181818,3.1875
2012-09-01,1.72,1.4905,0.757,1.7222,1.83789473684211,3.0925
2012-10-01,1.75,1.46695652173913,0.76,1.7721,1.81181818181818,3.0225
2012-11-01,1.65,1.33590909090909,0.713,1.7741,1.73809523809524,3.0875
2012-12-01,1.72,1.29941176470588,0.781,1.8467,1.76789473684211,3.2275
2013-01-01,1.91,1.51227272727273,0.775,2.0795,1.93136363636364,3.3975
2013-02-01,1.98,1.5435,0.669,2.1781,1.96789473684211,3.4975
2013-03-01,1.96,1.3545,0.492,1.9768,1.8515,3.5125
2013-04-01,1.76,1.19619047619048,0.589,1.7824,1.74863636363636,3.245
2013-05-01,1.93,1.29409090909091,0.879,1.9462,1.90181818181818,3.324
2013-06-01,2.3,1.5305,0.822,2.3063,2.2445,3.555
2013-07-01,2.58,1.56565217391304,0.79,2.471,2.43818181818182,3.772
2013-08-01,2.74,1.735,0.708,2.7088,2.61142857142857,3.894
2013-09-01,2.81,1.88809523809524,0.669,2.8443,2.698,4.033
2013-10-01,2.62,1.76217391304348,0.59,2.6784,2.51818181818182,4.009
2013-11-01,2.72,1.67714285714286,0.605,2.7598,2.5585,4.175
2013-12-01,2.9,1.79777777777778,0.688,2.9458,2.6735,4.262
2014-01-01,2.86,1.75590909090909,0.614,2.91,2.53409090909091,4.158
2014-02-01,2.71,1.5585,0.586,2.8147,2.42,4.104
2014-03-01,2.72,1.50857142857143,0.605,2.7837,2.45428571428571,4.092
2014-04-01,2.71,1.4565,0.61,2.7417,2.4447619047619,4.027
2014-05-01,2.56,1.32714285714286,0.566,2.6989,2.3152380952381,3.781
2014-06-01,2.6,1.26428571428571,0.536,2.7842,2.29857142857143,3.713
2014-07-01,2.54,1.11434782608696,0.527,2.7343,2.19454545454545,3.486
2014-08-01,2.42,0.956190476190476,0.488,2.5347,2.062,3.43
2014-09-01,2.53,0.921363636363636,0.497,2.4919,2.18095238095238,3.573
2014-10-01,2.3,0.790909090909091,0.465,2.2469,2.01045454545455,3.344
2014-11-01,2.33,0.719,0.42,2.1593,2.00315789473684,3.294
2014-12-01,2.21,0.588947368421053,0.33,1.9287,1.85190476190476,2.964
2015-01-01,1.88,0.39,0.275,1.589,1.52571428571429,2.622
2015-02-01,1.98,0.302,0.33,1.7365,1.37947368421053,2.49
2015-03-01,2.04,0.227272727272727,0.4,1.7941,1.42136363636364,2.475
2015-04-01,1.94,0.122,0.34,1.755,1.41095238095238,2.41
2015-05-01,2.2,0.55578947368421,0.39,2.0243,1.744,2.882
2015-06-01,2.36,0.792727272727273,0.455,2.1696,1.78,2.985
2015-07-01,2.32,0.71,0.41,2.1353,1.56954545454545,2.922
2015-08-01,2.17,0.608571428571429,0.38,1.9799,1.3915,2.738
2015-09-01,2.17,0.654090909090909,0.35,1.8814,1.48142857142857,2.724
2015-10-01,2.07,0.518181818181818,0.3,1.846,1.46333333333333,2.657
2015-11-01,2.26,0.516190476190476,0.3,1.9779,1.6335,2.889
2015-12-01,2.24,0.5455,0.27,1.9234,1.45952380952381,2.852
2016-01-01,2.09,0.4305,0.095,1.7833,1.258,2.708
2016-02-01,1.78,0.172857142857143,-0.065,1.5032,1.1245,2.465
2016-03-01,1.89,0.171428571428571,-0.05,1.5434,1.26818181818182,2.561
2016-04-01,1.81,0.134285714285714,-0.085,1.5688,1.33619047619048,2.512
2016-05-01,1.81,0.132857142857143,-0.12,1.5366,1.35,2.322
2016-06-01,1.64,-0.0168181818181818,-0.23,1.3105,1.16818181818182,2.125
2016-07-01,1.5,-0.154285714285714,-0.195,0.9569,1.051,1.936
2016-08-01,1.56,-0.131739130434783,-0.07,0.7421,1.04272727272727,1.892
2016-09-01,1.63,-0.0840909090909091,-0.085,0.8243,1.08619047619048,2.004
2016-10-01,1.76,0.002,-0.05,1.078,1.1665,2.231
2016-11-01,2.14,0.189090909090909,0.02,1.3818,1.43761904761905,2.535
2016-12-01,2.49,0.251904761904762,0.04,1.4336,1.732,2.799
2017-01-01,2.43,0.250909090909091,0.085,1.4203,1.72238095238095,2.711
2017-02-01,2.42,0.258,0.05,1.3058,1.70210526315789,2.738
2017-03-01,2.48,0.348260869565217,0.065,1.194,1.71434782608696,2.804
2017-04-01,2.3,0.225555555555556,0.015,1.0789,1.52315789473684,2.557
2017-05-01,2.3,0.336363636363636,0.04,1.1175,1.51318181818182,2.548
2017-06-01,2.19,0.25047619047619,0.075,1.0846,1.50272727272727,2.421
2017-07-01,2.32,0.455714285714286,0.075,1.2713,1.908,2.664
2017-08-01,2.21,0.346086956521739,0.01,1.1241,1.88363636363636,2.626
2017-09-01,2.2,0.347142857142857,0.06,1.2436,2.0495,2.71
2017-10-01,2.36,0.3725,0.065,1.3816,2.05095238095238,2.768
2017-11-01,2.35,0.308181818181818,0.035,1.3299,1.91857142857143,2.565
2017-12-01,2.4,0.296842105263158,0.045,1.2781,1.91526315789474,2.583
2018-01-01,2.58,0.474545454545455,0.08,1.3931,2.19818181818182,2.747
2018-02-01,2.86,0.659,0.045,1.6034,2.32421052631579,2.845
2018-03-01,2.84,0.52952380952381,0.045,1.508,2.18857142857143,2.713
2018-04-01,2.87,0.48,0.05,1.5108,2.24904761904762,2.734
2018-05-01,2.98,0.45,0.03,1.5016,2.37545454545455,2.79
2018-06-01,2.91,0.327142857142857,0.03,1.4229,2.20904761904762,2.697
2018-07-01,2.89,0.274545454545455,0.06,1.3739,2.18714285714286,2.637
2018-08-01,2.89,0.290869565217391,0.11,1.3991,2.29545454545455,2.59
2018-09-01,3.0,0.3705,0.125,1.5023,2.35368421052632,2.631
2018-10-01,3.15,0.399090909090909,0.13,1.5462,2.48863636363636,2.682
2018-11-01,3.12,0.314090909090909,0.085,1.4541,2.40761904761905,2.683
2018-12-01,2.83,0.187058823529412,-0.01,1.3125,2.05789473684211,2.431
2019-01-01,2.71,0.132727272727273,0.0,1.3221,1.95363636363636,2.271
2019-02-01,2.68,0.0555,-0.015,1.239,1.90736842105263,2.126
2019-03-01,2.57,0.010952380952381,-0.095,1.19,1.71238095238095,1.957
2019-04-01,2.53,-0.0395,-0.045,1.1906,1.72428571428571,1.865
2019-05-01,2.4,-0.134545454545455,-0.095,1.13,1.66454545454545,1.655
2019-06-01,2.07,-0.315263157894737,-0.165,0.919,1.4625,1.386
2019-07-01,2.06,-0.388260869565217,-0.16,0.8304,1.51909090909091,1.32
2019-08-01,1.63,-0.649090909090909,-0.28,0.5776,1.2052380952381,0.959
2019-09-01,1.7,-0.594761904761905,-0.215,0.5981,1.364,1.035
2019-10-01,1.71,-0.469545454545455,-0.15,0.6373,1.44954545454545,1.037
2019-11-01,1.81,-0.352380952380952,-0.08,0.765,1.4995,1.152
2019-12-01,1.86,-0.299444444444444,-0.025,0.8308,1.6045,1.202
2020-01-01,1.76,-0.313636363636364,-0.065,0.7235,1.49227272727273,1.159
2020-02-01,1.5,-0.466,-0.155,0.633,1.29473684210526,0.984
2020-03-01,0.87,-0.541363636363636,0.005,0.4609,0.819090909090909,0.884
2020-04-01,0.66,-0.4495,-0.04,0.3577,0.657142857142857,0.854
2020-05-01,0.67,-0.5165,0.0,0.2743,0.551,0.903
2020-06-01,0.73,-0.434285714285714,0.03,0.278,0.561363636363636,0.928
2020-07-01,0.62,-0.52304347826087,0.01,0.2094,0.516363636363636,0.897
2020-08-01,0.65,-0.523333333333333,0.045,0.2717,0.5635,0.905
2020-09-01,0.68,-0.524090909090909,0.015,0.273,0.55952380952381,0.894
2020-10-01,0.79,-0.607272727272727,0.04,0.3058,0.602857142857143,0.802
2020-11-01,0.87,-0.614761904761905,0.03,0.3836,0.6885,0.856
2020-12-01,0.93,-0.6185,0.02,0.3224,0.730952380952381,0.976
2021-01-01,1.08,-0.5835,0.055,0.3672,0.8055,1.053
2021-02-01,1.26,-0.4455,0.15,0.6222,1.09947368421053,1.334
2021-03-01,1.61,-0.364782608695652,0.12,0.8456,1.49652173913043,1.707
2021-04-01,1.64,-0.325,0.09,0.8515,1.51619047619048,1.676
2021-05-01,1.62,-0.2235,0.08,0.9058,1.524,1.66
2021-06-01,1.52,-0.288636363636364,0.05,0.8549,1.425,1.531
2021-07-01,1.32,-0.451363636363636,0.015,0.6979,1.25142857142857,1.254
2021-08-01,1.28,-0.538636363636364,0.02,0.644,1.19190476190476,1.135
2021-09-01,1.37,-0.362727272727273,0.065,0.8023,1.263,1.282
2021-10-01,1.58,-0.204285714285714,0.095,1.083,1.597,1.71
2021-11-01,1.56,-0.313636363636364,0.05,0.9394,1.68571428571429,1.806
2021-12-01,1.47,-0.384285714285714,0.07,0.8375,1.45,1.609
2022-01-01,1.76,-0.114761904761905,0.17,1.2051,1.759,1.888
2022-02-01,1.93,0.15,0.18,1.4891,1.87947368421053,2.111
2022-03-01,2.13,0.281739130434783,0.21,1.5457,2.13217391304348,2.5
2022-04-01,2.75,0.746315789473684,0.215,1.8362,2.704,3.008
2022-05-01,2.9,0.952727272727273,0.235,1.9069,2.91857142857143,3.381
2022-06-01,3.14,1.445,0.225,2.3824,3.31545454545455,3.767
2022-07-01,2.9,1.08190476190476,0.18,2.1454,3.04315789473684,3.429
2022-08-01,2.9,1.03434782608696,0.22,2.3278,2.85909090909091,3.361
2022-09-01,3.52,1.79545454545455,0.24,3.5007,3.14789473684211,3.747
2022-10-01,3.98,2.18666666666667,0.245,4.1096,3.38052631578947,3.919
2022-11-01,3.89,2.06636363636364,0.25,3.4171,3.16619047619048,3.696
2022-12-01,3.62,2.0852380952381,0.41,3.5015,2.9415,3.551
2023-01-01,3.53,2.19272727272727,0.49,3.5115,2.93761904761905,3.604
2023-02-01,3.75,2.3705,0.5,3.5553,3.17421052631579,3.702
2023-03-01,3.66,2.38347826086957,0.32,3.5638,2.99347826086957,3.468
2023-04-01,3.46,2.35944444444444,0.385,3.6503,2.91611111111111,3.343
2023-05-01,3.57,2.34227272727273,0.43,3.9621,3.04545454545455,3.5
2023-06-01,3.75,2.37636363636364,0.395,4.3659,3.33818181818182,3.916
2023-07-01,3.9,2.45666666666667,0.595,4.4372,3.452,4.036
2023-08-01,4.17,2.54565217391304,0.64,4.5298,3.65409090909091,4.128
2023-09-01,4.38,2.66142857142857,0.765,4.4199,3.816,4.211
2023-10-01,4.8,2.82318181818182,0.95,4.5695,4.062,4.633
2023-11-01,4.5,2.60136363636364,0.66,4.2721,3.71095238095238,4.578
2023-12-01,4.02,2.10210526315789,0.62,3.8622,3.23421052631579,4.187
2024-01-01,4.06,2.17454545454545,0.73,3.9319,3.34636363636364,4.148
2024-02-01,4.21,2.33190476190476,0.71,4.123,3.504,4.141
2024-03-01,4.21,2.3495,0.725,4.033,3.444,4.045
2024-04-01,4.54,2.44571428571429,0.87,4.2172,3.69590909090909,4.268
2024-05-01,4.48,2.51954545454545,1.07,4.2229,3.64181818181818,4.325
2024-06-01,4.31,2.4845,1.05,4.1644,3.3915,4.242
2024-07-01,4.25,2.45826086956522,1.045,4.1386,3.40772727272727,4.326
2024-08-01,3.87,2.20772727272727,0.89,3.9444,3.0715,3.976
2024-09-01,3.72,2.16714285714286,0.855,3.9053,2.94444444444444,3.922
2024-10-01,4.1,2.2295652173913,0.935,4.1993,3.18636363636364,4.267
2024-11-01,4.36,2.30571428571429,1.05,4.4164,3.2785,4.544
2024-12-01,4.39,2.17888888888889,1.09,4.4345,3.1615,4.313
2025-01-01,4.63,2.48363636363636,1.245,4.6627,3.28863636363636,4.481
2025-02-01,4.45,2.4055,1.37,4.5063,3.05631578947368,4.423
2025-03-01,4.28,2.74142857142857,1.485,4.6448,3.01047619047619,4.421
2025-04-01,4.28,2.5105,1.31,4.5762,3.10857142857143,4.267
2025-05-01,4.42,2.56285714285714,1.5,4.6004,3.22142857142857,4.35
2025-06-01,4.38,2.51904761904762,1.42,4.5248,3.314,4.208
2025-07-01,4.39,2.63130434782609,1.545,4.5924,3.48045454545455,4.291
2025-08-01,4.26,2.67333333333333,1.6,4.6369,3.4225,4.275
2025-09-01,4.12,2.69318181818182,1.645,4.6885,3.2245,4.298
2025-10-01,4.06,2.61782608695652,1.655,4.5721,3.12818181818182,4.234
2025-11-01,4.09,2.6575,1.805,4.4985,3.18428571428571,4.416
2025-12-01,4.14,2.81421052631579,2.06,4.4826,3.38761904761905,4.719
2026-01-01,4.21,2.80666666666667,2.24,4.451,3.4015,4.74
